<?xml version="1.0" encoding="UTF-8"?>
<beans 	xmlns="http://www.springframework.org/schema/beans" 
       	xmlns:xsi="http://www.w3.org/2001/XMLSchema-instance"
       	xmlns:p="http://www.springframework.org/schema/p" 
       	xmlns:tx="http://www.springframework.org/schema/tx"
       	xmlns:context="http://www.springframework.org/schema/context"
       	xsi:schemaLocation="
			http://www.springframework.org/schema/beans 
			http://www.springframework.org/schema/beans/spring-beans-3.0.xsd
			http://www.springframework.org/schema/tx 
			http://www.springframework.org/schema/tx/spring-tx-3.0.xsd
			http://www.springframework.org/schema/context
			http://www.springframework.org/schema/context/spring-context-3.0.xsd">
			
		<context:component-scan base-package="com.movie.service"/>
		<context:component-scan base-package="com.movie.dao"/>
		
		<!-- This we cannot do with annotation -->
		<bean id="jdbcTemplate" class="org.springframework.jdbc.core.JdbcTemplate	"  autowire="byName">
				<!-- 		<property name="dataSource" ref="pdataSource"/> -->
		</bean>
		
		<bean id="qdataSource" class="org.springframework.jdbc.datasource.DriverManagerDataSource">
				<property name="driverClassName" value="com.mysql.jdbc.Driver" />
				<property name="url" value="jdbc:mysql://localhost:3306/movies_db" />
				<property name="username" value="root" />
				<property name="password" value="root" />
	</bean>
	
		<bean id="dataSource" class="org.springframework.jdbc.datasource.DriverManagerDataSource">
				<property name="driverClassName" value="com.mysql.jdbc.Driver" />
				<property name="url" value="jdbc:mysql://localhost:3306/movies_db" />
				<property name="username" value="root" />
				<property name="password" value="root" />
	</bean>
		
<!-- 		<import resource="jdbc-connection.xml"/> -->
			
	</beans>		